Caudalie Stores - Sephora China Region,48
Marie Claire,49
1p1g,50
Kevin,51
Influencer,52
Media 1,53
SEM,54
尚色,55
I weekly,56
Shanghai morning,57
ASC wedding,58
Newsletter,59
Weibo,60
Jiahong,61
吴淼老师,62
尼可老师,63
米娜,64
闺蜜,65
PCLADY,66
Onlylady,67
vinexpert,68
“周晓晨”,69
 “星时尚”,70
Elle,71
Sina,72
凤凰网,73
Theoutnet,74
Mr. mao,75
muko,76
Xiao Tu,77
Jiliang,78
Lao ben,79
官方微博,80
FRANCE,81
UK,82
USA,83
HK,84
MALAYSIA,85
Taiwan,86
Korea,87
Canada,88
Brasil,89
glossybox,90
瑞丽杂志,91
美妆心得,92
PC15 serum pack,93
PC15 eye cream pack,94
PC15 night oil pack,95
caudalie note,96
Best clipping book,97
mei today,98
vinoperfect video 2015,99
tudou,100
vinoperfect landing page 2015,101
Vinoperfect landing page,102
PC15 小绿盒,103
caudalie store xinzhuang 001,104
PC15 game welcome message,105
PC15 post welcome message,106
TEST-999,107
actsocial survey,108
pc15 game end,109
heyjuice,110
sofreshtowear,111
actsocial platform,112
PC15 wechat game end,113
mplife,114
l'officiel杂志,115
so fresh to wear,116
fashionweek,117
粥悦悦,118
topwoman,119
马修,120
李明泽,121
女人装,122
智慧妈妈圈,123
萌宝辣妈,124
OK精彩,125
新闻稿,126
小红书,127
Eau de raisin louvre boutique,128
Vinoperfect serum louvre boutique,129
Eau de beauté louvre boutique,130
Vinexpert capsules louvre boutique,131
PC15 louvre boutique,132
PREMIER CRU louvre boutique,133
 Vinexpert louvre boutique,134
Vinoperfect louvre boutique,135
Vinosource louvre boutique,136
test1,137
测试二维码1,138
测试活动二维码1,139
盛夏精选/灵感夏日1,140
sina,141
测试,142
土豆视屏,143
hey juice,147
newsletter new,160
SEM2,148
VS 彩信,171
grosfairy,151
wechat follow for VS vip,168
campus project,163
今日头条,165
wechat follow for VS game,170
ecommerce box,176
ecommerce brochure,177
ecommerce receipt,178
global blue,179
 粥悦悦,180
腾讯时尚微信,184
石榴婆,186
Wow姐,185
VS game end 2016,188
关注welcome,189
周晓晨,190
水蛋蛋,193
小茂老师,192
mina,194
FWMA,195
黎贝卡的异想世界,196
keep,201
日食记,199
签书会,200
严肃八卦,202
苏珊?勒星座馆,203
同道大叔,204
休闲璐,208
阿司匹林博物馆,206
胡辛束,209
大忘路,210
一个人alone,211
欧缇丽官网,213
Miss蜜的美好事物集中营,216
大饼穿搭札记,215
客服,218
毛毛老师,221
post中的二维码,220
象大仙,222
老佛爷柜台的消费者,223
mycaudalie-tamll,227
for weibo,226
豆瓣-猛汉世雄,233
mycaudalie-EC,232
深圳店铺围挡,238
VP serum,252
0215直播,240
GW,253
MT book,254
TFBS,255
广州太古汇,257
手边巴黎,300
深圳万象城,304
广州太古汇,305
IFC,301
上海太古汇,302
长宁来福士,303
北京老佛爷,306
